{
  "floor_name": "test",
  "seg_pts": [
    [
      0.0,
      33.333333333333336
    ],
    [
      0.0,
      66.66666666666667
    ],
    [
      0,
      100
    ],
    [
      33.333333333333336,
      100.0
    ],
    [
      66.66666666666667,
      100.0
    ],
    [
      100,
      100
    ],
    [
      100.0,
      66.66666666666667
    ],
    [
      100.0,
      33.333333333333336
    ],
    [
      100,
      0
    ],
    [
      66.66666666666667,
      0.0
    ],
    [
      33.333333333333336,
      0.0
    ],
    [
      0,
      0
    ],
    [
      33.333333333333336,
      66.66666666666667
    ],
    [
      33.333333333333336,
      33.333333333333336
    ],
    [
      66.66666666666667,
      66.66666666666667
    ],
    [
      66.66666666666667,
      33.333333333333336
    ]
  ],
  "regions": [
    [
      [
        1,
        12,
        3,
        2
      ],
      0
    ],
    [
      [
        0,
        13,
        12,
        1
      ],
      2
    ],
    [
      [
        11,
        10,
        13,
        0
      ],
      3
    ],
    [
      [
        12,
        14,
        4,
        3
      ],
      4
    ],
    [
      [
        13,
        15,
        14,
        12
      ],
      5
    ],
    [
      [
        10,
        9,
        15,
        13
      ],
      6
    ],
    [
      [
        14,
        6,
        5,
        4
      ],
      7
    ],
    [
      [
        15,
        7,
        6,
        14
      ],
      8
    ],
    [
      [
        9,
        8,
        7,
        15
      ],
      9
    ]
  ],
  "wall_path": [
    0,
    1,
    2,
    3,
    4,
    5,
    6,
    7,
    8,
    9,
    10,
    11
  ],
  "destination_pt": 2,
  "pipe_interval": 2
}